Title,URL,Date,Category
Learn Python Basics,https://www.tutorialsfreak.com/python-basics,06-11-2024,Python
Master JavaScript in 30 days,https://www.tutorialsfreak.com/javascript-30-days,06-11-2024,JavaScript
Introduction to HTML and CSS,https://www.tutorialsfreak.com/html-css-introduction,05-11-2024,Web Development
Advanced Java Programming,https://www.tutorialsfreak.com/advanced-java-programming,05-11-2024,Java
React.js for Beginners,https://www.tutorialsfreak.com/reactjs-for-beginners,04-11-2024,JavaScript
Master SQL in 30 Days,https://www.tutorialsfreak.com/sql-30-days,04-11-2024,Database
Python for Data Science,https://www.tutorialsfreak.com/python-data-science,03-11-2024,Python
Complete Guide to Node.js,https://www.tutorialsfreak.com/nodejs-complete-guide,03-11-2024,JavaScript
Web Development with Django,https://www.tutorialsfreak.com/web-dev-with-django,02-11-2024,Python
Understanding Git and GitHub,https://www.tutorialsfreak.com/git-github-basics,02-11-2024,Version Control
Introduction to Machine Learning,https://www.tutorialsfreak.com/introduction-to-machine-learning,01-11-2024,Machine Learning
Getting Started with Flask,https://www.tutorialsfreak.com/getting-started-with-flask,30-10-2024,Python
